Question,Answer
"What is UniQuest?","UniQuest is a platform that helps students find and apply to universities and programs worldwide."
"How can I register for an account?","To register, click on the 'Sign Up' button at the top of the page and provide your personal details."
"What programs does UniQuest offer?","UniQuest allows students to search for a variety of undergraduate and postgraduate programs across multiple universities."
"Can I favorite universities and programs?","Yes, you can favorite universities and programs to easily access them later by clicking the heart icon."
"How do I apply for a program?","Once you've selected a program, click on the 'Apply Now' button to start your application process."
"How can I apply for scholarships?","To apply for scholarships, visit the Scholarships section, where you will find eligible scholarships and application details."
"How do I track my application status?","You can track your application status by logging into your UniQuest account and navigating to 'My Applications'."
"What is the ranking system used by UniQuest?","UniQuest uses a dynamic ranking system that aggregates multiple sources to provide up-to-date university and program rankings."
"How do I send a message to a university?","You can send messages to universities directly via the messaging feature on your profile page."
"What trends can I view on UniQuest?","You can view educational trends and news related to higher education, admissions, and more in the Trends section."
"How do I reset my password?","To reset your password, click on 'Forgot Password' on the login page and follow the instructions sent to your email."
"Can I save my favorite scholarships?","Yes, you can save scholarships to your favorites list and easily track application deadlines."
"How do I filter universities by location?","You can filter universities by location using the 'Filter by Location' option on the University Search page."
"Is there a way to contact support?","Yes, you can contact support by clicking on 'Contact Us' at the bottom of the website or through the chat support feature."
"Can I change my account details?","Yes, you can update your account details by navigating to your profile settings."
"How can I view the rankings of different universities?","To view university rankings, visit the 'Rankings' page on UniQuest where you can sort by criteria like location and field of study."
"What countries are supported by UniQuest?","UniQuest supports universities from multiple countries including the US, UK, Canada, Australia, and more."
"Can I apply to multiple programs at once?","Yes, you can apply to multiple programs simultaneously by adding them to your application list."
"What is the application fee?","The application fee depends on the program and university. You can view details on the program page."
"Is there a mobile app for UniQuest?","Currently, UniQuest is only available as a web application, but we are working on releasing a mobile app soon!"
"What documents are required for applications?","Each program may have different requirements, but typically you need transcripts, recommendation letters, and a statement of purpose."
"How do I find the application deadlines?","Application deadlines are listed on each program's page under the 'Important Dates' section."
"Can I track my scholarship applications?","Yes, you can track your scholarship applications by going to the 'My Scholarships' section in your dashboard."
"What are the most popular programs on UniQuest?","You can view the most popular programs on our homepage under the 'Trending Programs' section."
"How does the favorite feature work?","You can favorite universities, programs, and scholarships by clicking the heart icon, and access them later from your profile."
"Can I receive notifications for new scholarships?","Yes, you can enable notifications for new scholarships by subscribing to scholarship updates in your settings."
"Does UniQuest offer guidance on application essays?","Yes, UniQuest provides resources and tips on how to write application essays in our 'Resources' section."
"How can I delete my account?","To delete your account, go to your account settings and select 'Delete Account' at the bottom of the page."
